{"root_mean_squared_error": -0.47537450719509433, "mean_squared_error": -0.2259809220909788, "mean_absolute_error": -0.3372753133992839, "r2": 0.7110646756006866, "pearsonr": 0.8432521583687344, "median_absolute_error": -0.2444893901632339}