{"root_mean_squared_error": -0.44625688175376327, "mean_squared_error": -0.19914520451259224, "mean_absolute_error": -0.3118018076559561, "r2": 0.7296094860330864, "pearsonr": 0.8541740705373425, "median_absolute_error": -0.22053300035568135}