{"root_mean_squared_error": -0.45480773820573767, "mean_squared_error": -0.2068500787318188, "mean_absolute_error": -0.3013355033208984, "r2": 0.7418686887727991, "pearsonr": 0.8613217421563005, "median_absolute_error": -0.20782960396897887}