{"root_mean_squared_error": -0.5066649370421781, "mean_squared_error": -0.2567093584279543, "mean_absolute_error": -0.3664125274824295, "r2": 0.6494121267024977, "pearsonr": 0.8058728974759748, "median_absolute_error": -0.2725719203054544}