{"root_mean_squared_error": -0.8673948176296463, "mean_squared_error": -0.7523737696507674, "mean_absolute_error": -0.44519452664774245, "r2": 0.7420313793514255, "pearsonr": 0.8614304853915121, "median_absolute_error": -0.22140153856928407}