{"root_mean_squared_error": -0.48262285386942927, "mean_squared_error": -0.23292481907707246, "mean_absolute_error": -0.27303872367183407, "r2": 0.7286358295707938, "pearsonr": 0.8536020713585584, "median_absolute_error": -0.1491186332582255}